what,kind,bundleId,bundleVersion,description,time
activated,workbench,org.eclipse.ui.workbench,3.7.0.I20110519-0100,"",1325531394733
executed,command,org.eclipse.ui,3.7.0.I20110602-0100,"org.eclipse.ui.file.save",1325531429135
deactivated,workbench,org.eclipse.ui.workbench,3.7.0.I20110519-0100,"",1325531431338
activated,workbench,org.eclipse.ui.workbench,3.7.0.I20110519-0100,"",1325531431759
deactivated,workbench,org.eclipse.ui.workbench,3.7.0.I20110519-0100,"",1325531449356
activated,workbench,org.eclipse.ui.workbench,3.7.0.I20110519-0100,"",1325531466902
executed,command,org.eclipse.ui,3.7.0.I20110602-0100,"org.eclipse.ui.edit.delete",1325531478358
executed,command,org.eclipse.ui,3.7.0.I20110602-0100,"org.eclipse.ui.edit.delete",1325531480397
executed,command,org.eclipse.ui,3.7.0.I20110602-0100,"org.eclipse.ui.file.save",1325531487088
deactivated,workbench,org.eclipse.ui.workbench,3.7.0.I20110519-0100,"",1325531491445
activated,workbench,org.eclipse.ui.workbench,3.7.0.I20110519-0100,"",1325531495214
deactivated,workbench,org.eclipse.ui.workbench,3.7.0.I20110519-0100,"",1325531495589
activated,workbench,org.eclipse.ui.workbench,3.7.0.I20110519-0100,"",1325531495899
deactivated,workbench,org.eclipse.ui.workbench,3.7.0.I20110519-0100,"",1325531497725
activated,workbench,org.eclipse.ui.workbench,3.7.0.I20110519-0100,"",1325531510462
deactivated,workbench,org.eclipse.ui.workbench,3.7.0.I20110519-0100,"",1325531524156
activated,workbench,org.eclipse.ui.workbench,3.7.0.I20110519-0100,"",1325531527567
executed,command,org.eclipse.ui,3.7.0.I20110602-0100,"org.eclipse.ui.file.save",1325531540147
deactivated,workbench,org.eclipse.ui.workbench,3.7.0.I20110519-0100,"",1325531543404
activated,workbench,org.eclipse.ui.workbench,3.7.0.I20110519-0100,"",1325531588238
deactivated,workbench,org.eclipse.ui.workbench,3.7.0.I20110519-0100,"",1325531610460
activated,workbench,org.eclipse.ui.workbench,3.7.0.I20110519-0100,"",1325531618270
deactivated,workbench,org.eclipse.ui.workbench,3.7.0.I20110519-0100,"",1325531625512
activated,workbench,org.eclipse.ui.workbench,3.7.0.I20110519-0100,"",1325531625892
deactivated,workbench,org.eclipse.ui.workbench,3.7.0.I20110519-0100,"",1325531628220
activated,perspective,org.eclipse.cdt.ui,,"org.eclipse.cdt.ui.CPerspective",1325532197441
started,bundle,org.eclipse.osgi,3.7.1.R37x_v20110808-1106,"org.eclipse.osgi",1325532197441
started,bundle,org.eclipse.equinox.simpleconfigurator,1.0.200.v20110502-1955,"org.eclipse.equinox.simpleconfigurator",1325532197442
started,bundle,com.ibm.icu,4.4.2.v20110208,"com.ibm.icu",1325532197443
started,bundle,org.eclipse.cdt.codan.checkers,1.0.0.201109151620,"org.eclipse.cdt.codan.checkers",1325532197443
started,bundle,org.eclipse.cdt.codan.core,2.0.0.201109151620,"org.eclipse.cdt.codan.core",1325532197443
started,bundle,org.eclipse.cdt.codan.core.cxx,1.0.0.201109151620,"org.eclipse.cdt.codan.core.cxx",1325532197443
started,bundle,org.eclipse.cdt.codan.ui.cxx,2.0.0.201109151620,"org.eclipse.cdt.codan.ui.cxx",1325532197443
started,bundle,org.eclipse.cdt.core,5.3.1.201109151620,"org.eclipse.cdt.core",1325532197443
started,bundle,org.eclipse.cdt.make.core,7.1.1.201109151620,"org.eclipse.cdt.make.core",1325532197443
started,bundle,org.eclipse.cdt.make.ui,7.1.1.201109151620,"org.eclipse.cdt.make.ui",1325532197444
started,bundle,org.eclipse.cdt.managedbuilder.core,8.0.1.201109151620,"org.eclipse.cdt.managedbuilder.core",1325532197444
started,bundle,org.eclipse.cdt.ui,5.3.1.201109151620,"org.eclipse.cdt.ui",1325532197444
started,bundle,org.eclipse.core.contenttype,3.4.100.v20110423-0524,"org.eclipse.core.contenttype",1325532197444
started,bundle,org.eclipse.core.databinding.observable,1.4.0.I20110222-0800,"org.eclipse.core.databinding.observable",1325532197444
started,bundle,org.eclipse.core.expressions,3.4.300.v20110228,"org.eclipse.core.expressions",1325532197444
started,bundle,org.eclipse.core.filebuffers,3.5.200.v20110505-0800,"org.eclipse.core.filebuffers",1325532197445
started,bundle,org.eclipse.core.filesystem,1.3.100.v20110423-0524,"org.eclipse.core.filesystem",1325532197445
started,bundle,org.eclipse.core.jobs,3.5.100.v20110404,"org.eclipse.core.jobs",1325532197445
started,bundle,org.eclipse.core.net,1.2.100.I20110511-0800,"org.eclipse.core.net",1325532197445
started,bundle,org.eclipse.core.resources,3.7.100.v20110510-0712,"org.eclipse.core.resources",1325532197445
started,bundle,org.eclipse.core.runtime,3.7.0.v20110110,"org.eclipse.core.runtime",1325532197445
started,bundle,org.eclipse.core.runtime.compatibility,3.2.100.v20100505,"org.eclipse.core.runtime.compatibility",1325532197446
started,bundle,org.eclipse.core.runtime.compatibility.auth,3.2.200.v20110110,"org.eclipse.core.runtime.compatibility.auth",1325532197447
started,bundle,org.eclipse.egit.core,1.1.0.201109151100-r,"org.eclipse.egit.core",1325532197447
started,bundle,org.eclipse.egit.ui,1.1.0.201109151100-r,"org.eclipse.egit.ui",1325532197447
started,bundle,org.eclipse.epp.mpc.ui,1.1.1.I20110907-0947,"org.eclipse.epp.mpc.ui",1325532197447
started,bundle,org.eclipse.epp.usagedata.gathering,1.3.1.R201106061540,"org.eclipse.epp.usagedata.gathering",1325532197447
started,bundle,org.eclipse.epp.usagedata.recording,1.3.1.R201106061540,"org.eclipse.epp.usagedata.recording",1325532197447
started,bundle,org.eclipse.equinox.app,1.3.100.v20110321,"org.eclipse.equinox.app",1325532197447
started,bundle,org.eclipse.equinox.common,3.6.0.v20110523,"org.eclipse.equinox.common",1325532197448
started,bundle,org.eclipse.equinox.ds,1.3.1.R37x_v20110701,"org.eclipse.equinox.ds",1325532197448
started,bundle,org.eclipse.equinox.event,1.2.100.v20110502,"org.eclipse.equinox.event",1325532197449
started,bundle,org.eclipse.equinox.p2.core,2.1.0.v20110502-1955,"org.eclipse.equinox.p2.core",1325532197450
started,bundle,org.eclipse.equinox.p2.directorywatcher,1.0.300.v20110502-1955,"org.eclipse.equinox.p2.directorywatcher",1325532197450
started,bundle,org.eclipse.equinox.p2.engine,2.1.0.v20110511,"org.eclipse.equinox.p2.engine",1325532197450
started,bundle,org.eclipse.equinox.p2.metadata,2.1.0.v20110510,"org.eclipse.equinox.p2.metadata",1325532197451
started,bundle,org.eclipse.equinox.p2.metadata.repository,1.2.0.v20110511-1359,"org.eclipse.equinox.p2.metadata.repository",1325532197451
started,bundle,org.eclipse.equinox.p2.operations,2.1.0.v20110511-1821,"org.eclipse.equinox.p2.operations",1325532197452
started,bundle,org.eclipse.equinox.p2.reconciler.dropins,1.1.100.v20110510,"org.eclipse.equinox.p2.reconciler.dropins",1325532197452
started,bundle,org.eclipse.equinox.p2.repository,2.1.0.v20110601,"org.eclipse.equinox.p2.repository",1325532197452
started,bundle,org.eclipse.equinox.p2.ui.sdk.scheduler,1.0.100.v20110502-1955,"org.eclipse.equinox.p2.ui.sdk.scheduler",1325532197452
started,bundle,org.eclipse.equinox.p2.updatechecker,1.1.200.v20110502-1955,"org.eclipse.equinox.p2.updatechecker",1325532197453
started,bundle,org.eclipse.equinox.preferences,3.4.1.R37x_v20110725,"org.eclipse.equinox.preferences",1325532197453
started,bundle,org.eclipse.equinox.registry,3.5.101.R37x_v20110810-1611,"org.eclipse.equinox.registry",1325532197453
started,bundle,org.eclipse.equinox.security,1.1.1.R37x_v20110822-1018,"org.eclipse.equinox.security",1325532197453
started,bundle,org.eclipse.equinox.util,1.0.300.v20110502,"org.eclipse.equinox.util",1325532197454
started,bundle,org.eclipse.help,3.5.100.v20110426,"org.eclipse.help",1325532197454
started,bundle,org.eclipse.help.base,3.6.1.v201109091335,"org.eclipse.help.base",1325532197454
started,bundle,org.eclipse.help.ui,3.5.101.r37_20110819,"org.eclipse.help.ui",1325532197454
started,bundle,org.eclipse.jface,3.7.0.I20110522-1430,"org.eclipse.jface",1325532197455
started,bundle,org.eclipse.jgit,1.1.0.201109151100-r,"org.eclipse.jgit",1325532197455
started,bundle,org.eclipse.jsch.core,1.1.300.I20110514-0800,"org.eclipse.jsch.core",1325532197455
started,bundle,org.eclipse.ltk.core.refactoring,3.5.201.r371_v20110824-0800,"org.eclipse.ltk.core.refactoring",1325532197455
started,bundle,org.eclipse.ltk.ui.refactoring,3.6.0.v20110505-0800,"org.eclipse.ltk.ui.refactoring",1325532197455
started,bundle,org.eclipse.mylyn.bugzilla.core,3.6.2.v20110903-0100,"org.eclipse.mylyn.bugzilla.core",1325532197455
started,bundle,org.eclipse.mylyn.bugzilla.ui,3.6.0.v20110608-1400,"org.eclipse.mylyn.bugzilla.ui",1325532197455
started,bundle,org.eclipse.mylyn.commons.identity,0.8.0.v20110608-1400,"org.eclipse.mylyn.commons.identity",1325532197455
started,bundle,org.eclipse.mylyn.commons.net,3.6.0.v20110608-1400,"org.eclipse.mylyn.commons.net",1325532197455
started,bundle,org.eclipse.mylyn.commons.ui,3.6.1.v20110720-0100,"org.eclipse.mylyn.commons.ui",1325532197456
started,bundle,org.eclipse.mylyn.context.core,3.6.1.v20110720-0100,"org.eclipse.mylyn.context.core",1325532197456
started,bundle,org.eclipse.mylyn.context.ui,3.6.0.v20110608-1400,"org.eclipse.mylyn.context.ui",1325532197456
started,bundle,org.eclipse.mylyn.monitor.ui,3.6.0.v20110608-1400,"org.eclipse.mylyn.monitor.ui",1325532197456
started,bundle,org.eclipse.mylyn.tasks.ui,3.6.2.v20110826-0100,"org.eclipse.mylyn.tasks.ui",1325532197456
started,bundle,org.eclipse.mylyn.team.ui,3.6.1.v20110825-0100,"org.eclipse.mylyn.team.ui",1325532197456
started,bundle,org.eclipse.search,3.7.0.v20110505-0800,"org.eclipse.search",1325532197456
started,bundle,org.eclipse.team.core,3.6.0.I20110525-0800,"org.eclipse.team.core",1325532197456
started,bundle,org.eclipse.team.ui,3.6.100.I20110525-0800,"org.eclipse.team.ui",1325532197456
started,bundle,org.eclipse.ui,3.7.0.I20110602-0100,"org.eclipse.ui",1325532197456
started,bundle,org.eclipse.ui.cheatsheets,3.4.100.v20110425,"org.eclipse.ui.cheatsheets",1325532197456
started,bundle,org.eclipse.ui.console,3.5.100.v20110511,"org.eclipse.ui.console",1325532197456
started,bundle,org.eclipse.ui.editors,3.7.0.v20110517-0800,"org.eclipse.ui.editors",1325532197456
started,bundle,org.eclipse.ui.forms,3.5.100.v20110425,"org.eclipse.ui.forms",1325532197457
started,bundle,org.eclipse.ui.ide,3.7.0.v20110809-1737,"org.eclipse.ui.ide",1325532197457
started,bundle,org.eclipse.ui.intro,3.4.100.v20110425,"org.eclipse.ui.intro",1325532197457
started,bundle,org.eclipse.ui.navigator,3.5.100.v20110809-2227,"org.eclipse.ui.navigator",1325532197457
started,bundle,org.eclipse.ui.navigator.resources,3.4.300.I20110421-1800,"org.eclipse.ui.navigator.resources",1325532197457
started,bundle,org.eclipse.ui.net,1.2.100.I20110511-0800,"org.eclipse.ui.net",1325532197457
started,bundle,org.eclipse.ui.views,3.6.0.I20110412-0800,"org.eclipse.ui.views",1325532197457
started,bundle,org.eclipse.ui.workbench,3.7.0.I20110519-0100,"org.eclipse.ui.workbench",1325532197457
started,bundle,org.eclipse.ui.workbench.texteditor,3.7.0.v20110505-0800,"org.eclipse.ui.workbench.texteditor",1325532197457
started,bundle,org.eclipse.update.configurator,3.3.100.v20100512,"org.eclipse.update.configurator",1325532197457
started,bundle,org.eclipse.update.core,3.2.500.v20110330,"org.eclipse.update.core",1325532197458
started,bundle,org.eclipse.update.scheduler,3.2.300.v20100512,"org.eclipse.update.scheduler",1325532197458
os,sysinfo,,,"win32",1325532197460
arch,sysinfo,,,"x86_64",1325532197460
ws,sysinfo,,,"win32",1325532197460
locale,sysinfo,,,"en_US",1325532197460
processors,sysinfo,,,"8",1325532197460
java.runtime.name,sysinfo,,,"Java(TM) SE Runtime Environment",1325532197460
java.runtime.version,sysinfo,,,"1.7.0_02-b13",1325532197460
java.specification.name,sysinfo,,,"Java Platform API Specification",1325532197460
java.specification.vendor,sysinfo,,,"Oracle Corporation",1325532197460
java.specification.version,sysinfo,,,"1.7",1325532197460
java.vendor,sysinfo,,,"Oracle Corporation",1325532197460
java.version,sysinfo,,,"1.7.0_02",1325532197460
java.vm.info,sysinfo,,,"mixed mode",1325532197460
java.vm.name,sysinfo,,,"Java HotSpot(TM) 64-Bit Server VM",1325532197460
java.vm.specification.name,sysinfo,,,"Java Virtual Machine Specification",1325532197460
java.vm.specification.vendor,sysinfo,,,"Oracle Corporation",1325532197460
java.vm.specification.version,sysinfo,,,"1.7",1325532197460
java.vm.vendor,sysinfo,,,"Oracle Corporation",1325532197460
java.vm.version,sysinfo,,,"22.0-b10",1325532197460
started,bundle,org.eclipse.team.cvs.core,3.3.400.I20110510-0800,"org.eclipse.team.cvs.core",1325532197589
started,bundle,org.eclipse.team.cvs.ui,3.3.400.I20110510-0800,"org.eclipse.team.cvs.ui",1325532197723
opened,view,org.eclipse.ui.ide,3.7.0.v20110809-1737,"org.eclipse.ui.views.ProblemView",1325532201886
started,bundle,org.eclipse.linuxtools.cdt.autotools.core,1.0.2.201108301805,"org.eclipse.linuxtools.cdt.autotools.core",1325532208025
started,bundle,org.eclipse.core.variables,3.2.500.v20110511,"org.eclipse.core.variables",1325532208081
started,bundle,de.innot.avreclipse.core,2.3.4.20100807PRD,"de.innot.avreclipse.core",1325532208163
started,bundle,org.eclipse.debug.core,3.7.0.v20110518,"org.eclipse.debug.core",1325532208275
started,bundle,org.eclipse.cdt.msw.build,1.0.0.201109151620,"org.eclipse.cdt.msw.build",1325532208372
started,bundle,org.eclipse.compare.core,3.5.200.I20110208-0800,"org.eclipse.compare.core",1325532212341
opened,editor,org.eclipse.cdt.ui,5.3.1.201109151620,"org.eclipse.cdt.ui.editor.CEditor",1325532212383
activated,editor,org.eclipse.cdt.ui,5.3.1.201109151620,"org.eclipse.cdt.ui.editor.CEditor",1325532212667
started,bundle,org.eclipse.cdt.codan.ui,2.0.0.201109151620,"org.eclipse.cdt.codan.ui",1325532213284
started,bundle,org.eclipse.cdt.codan.checkers.ui,1.0.0.201109151620,"org.eclipse.cdt.codan.checkers.ui",1325532213876
activated,view,org.eclipse.ui.navigator.resources,3.4.300.I20110421-1800,"org.eclipse.ui.navigator.ProjectExplorer",1325532222883
deactivated,workbench,org.eclipse.ui.workbench,3.7.0.I20110519-0100,"",1325532234555
activated,workbench,org.eclipse.ui.workbench,3.7.0.I20110519-0100,"",1325532243841
executed,command,org.eclipse.ui,3.7.0.I20110602-0100,"org.eclipse.ui.window.preferences",1325532243851
started,bundle,org.eclipse.compare,3.5.201.R37x_v20110817-0800,"org.eclipse.compare",1325532248561
deactivated,workbench,org.eclipse.ui.workbench,3.7.0.I20110519-0100,"",1325532251581
started,bundle,org.eclipse.cdt.managedbuilder.ui,8.0.0.201109151620,"org.eclipse.cdt.managedbuilder.ui",1325532253861
activated,workbench,org.eclipse.ui.workbench,3.7.0.I20110519-0100,"",1325532280661
executed,command,org.eclipse.ui,3.7.0.I20110602-0100,"org.eclipse.ui.file.properties",1325532280681
deactivated,workbench,org.eclipse.ui.workbench,3.7.0.I20110519-0100,"",1325532281841
activated,workbench,org.eclipse.ui.workbench,3.7.0.I20110519-0100,"",1325532415202
activated,editor,org.eclipse.cdt.ui,5.3.1.201109151620,"org.eclipse.cdt.ui.editor.CEditor",1325532415252
started,bundle,org.eclipse.cdt.mylyn.ui,3.6.0.v20110608-1400,"org.eclipse.cdt.mylyn.ui",1325532419252
closed,workbench,org.eclipse.ui.workbench,3.7.0.I20110519-0100,"",1325532419362
stopped,bundle,org.eclipse.cdt.build.crossgcc,1.0.0.201109151620,"org.eclipse.cdt.build.crossgcc",1325532420312
stopped,bundle,org.eclipse.cdt.codan.checkers.ui,1.0.0.201109151620,"org.eclipse.cdt.codan.checkers.ui",1325532420312
stopped,bundle,org.eclipse.cdt.codan.checkers,1.0.0.201109151620,"org.eclipse.cdt.codan.checkers",1325532420312
stopped,bundle,org.eclipse.cdt.codan.ui.cxx,2.0.0.201109151620,"org.eclipse.cdt.codan.ui.cxx",1325532420312
stopped,bundle,org.eclipse.cdt.codan.core.cxx,1.0.0.201109151620,"org.eclipse.cdt.codan.core.cxx",1325532420312
stopped,bundle,org.eclipse.cdt.launch.remote,2.3.0.201109151620,"org.eclipse.cdt.launch.remote",1325532420312
stopped,bundle,org.eclipse.cdt.debug.mi.ui,6.1.0.201109151620,"org.eclipse.cdt.debug.mi.ui",1325532420312
stopped,bundle,org.eclipse.cdt.debug.mi.core,7.1.1.201109151620,"org.eclipse.cdt.debug.mi.core",1325532420312
stopped,bundle,org.eclipse.cdt.debug.ui.memory.memorybrowser,1.2.100.201109151620,"org.eclipse.cdt.debug.ui.memory.memorybrowser",1325532420312
stopped,bundle,org.eclipse.cdt.debug.ui.memory.search,1.2.0.201109151620,"org.eclipse.cdt.debug.ui.memory.search",1325532420312
stopped,bundle,org.eclipse.cdt.dsf.gdb.ui,2.2.1.201109151620,"org.eclipse.cdt.dsf.gdb.ui",1325532420312
stopped,bundle,org.eclipse.cdt.dsf.ui,2.2.0.201109151620,"org.eclipse.cdt.dsf.ui",1325532420322
stopped,bundle,org.eclipse.cdt.gdb.ui,7.0.0.201109151620,"org.eclipse.cdt.gdb.ui",1325532420322
stopped,bundle,org.eclipse.cdt.dsf.gdb,4.0.1.201109151620,"org.eclipse.cdt.dsf.gdb",1325532420322
stopped,bundle,org.eclipse.cdt.launch,7.0.0.201109151620,"org.eclipse.cdt.launch",1325532420322
stopped,bundle,org.eclipse.cdt.debug.ui,7.1.1.201109151620,"org.eclipse.cdt.debug.ui",1325532420322
stopped,bundle,org.eclipse.cdt.debug.ui.memory.traditional,1.2.0.201109151620,"org.eclipse.cdt.debug.ui.memory.traditional",1325532420322
stopped,bundle,org.eclipse.cdt.dsf,2.2.0.201109151620,"org.eclipse.cdt.dsf",1325532420342
stopped,bundle,org.eclipse.cdt.debug.core,7.1.0.201109151620,"org.eclipse.cdt.debug.core",1325532420342
stopped,bundle,org.eclipse.linuxtools.cdt.autotools.ui,1.0.1.201108301805,"org.eclipse.linuxtools.cdt.autotools.ui",1325532420342
stopped,bundle,org.eclipse.linuxtools.cdt.autotools.core,1.0.2.201108301805,"org.eclipse.linuxtools.cdt.autotools.core",1325532420342
stopped,bundle,de.innot.avreclipse.core,2.3.4.20100807PRD,"de.innot.avreclipse.core",1325532420342
stopped,bundle,org.eclipse.cdt.managedbuilder.ui,8.0.0.201109151620,"org.eclipse.cdt.managedbuilder.ui",1325532420342
stopped,bundle,org.eclipse.cdt.make.ui,7.1.1.201109151620,"org.eclipse.cdt.make.ui",1325532420342
stopped,bundle,org.eclipse.cdt.managedbuilder.gnu.ui,8.0.1.201109151620,"org.eclipse.cdt.managedbuilder.gnu.ui",1325532420342
stopped,bundle,org.eclipse.cdt.msw.build,1.0.0.201109151620,"org.eclipse.cdt.msw.build",1325532420342
stopped,bundle,org.eclipse.cdt.managedbuilder.core,8.0.1.201109151620,"org.eclipse.cdt.managedbuilder.core",1325532420342
stopped,bundle,org.eclipse.cdt.make.core,7.1.1.201109151620,"org.eclipse.cdt.make.core",1325532420342
stopped,bundle,org.eclipse.cdt.mylyn.ui,3.6.0.v20110608-1400,"org.eclipse.cdt.mylyn.ui",1325532420342
stopped,bundle,org.eclipse.cdt.codan.ui,2.0.0.201109151620,"org.eclipse.cdt.codan.ui",1325532420342
stopped,bundle,org.eclipse.cdt.ui,5.3.1.201109151620,"org.eclipse.cdt.ui",1325532420352
stopped,bundle,org.eclipse.cdt.core,5.3.1.201109151620,"org.eclipse.cdt.core",1325532420352
stopped,bundle,org.eclipse.compare.win32,1.0.200.I20110510-0800,"org.eclipse.compare.win32",1325532420352
stopped,bundle,org.eclipse.egit.ui,1.1.0.201109151100-r,"org.eclipse.egit.ui",1325532420352
stopped,bundle,org.eclipse.equinox.p2.ui.sdk,1.0.200.v20110502-1955,"org.eclipse.equinox.p2.ui.sdk",1325532420352
stopped,bundle,org.eclipse.rse.importexport,1.2.200.v201105021534,"org.eclipse.rse.importexport",1325532420352
stopped,bundle,org.eclipse.rse.subsystems.shells.telnet,1.2.200.v201101042155,"org.eclipse.rse.subsystems.shells.telnet",1325532420352
stopped,bundle,org.eclipse.rse.shells.ui,3.0.301.R33x_v201107181530,"org.eclipse.rse.shells.ui",1325532420352
stopped,bundle,org.eclipse.rse.files.ui,3.2.1.R33x_v201109141647,"org.eclipse.rse.files.ui",1325532420352
stopped,bundle,org.eclipse.rse.processes.ui,3.0.300.v201101042155,"org.eclipse.rse.processes.ui",1325532420352
stopped,bundle,org.eclipse.search,3.7.0.v20110505-0800,"org.eclipse.search",1325532420372
stopped,bundle,org.eclipse.mylyn.commons.team,0.8.0.v20110608-1400,"org.eclipse.mylyn.commons.team",1325532420372
stopped,bundle,org.eclipse.mylyn.team.ui,3.6.1.v20110825-0100,"org.eclipse.mylyn.team.ui",1325532420372
stopped,bundle,org.eclipse.ui.navigator.resources,3.4.300.I20110421-1800,"org.eclipse.ui.navigator.resources",1325532420372
stopped,bundle,org.eclipse.ltk.ui.refactoring,3.6.0.v20110505-0800,"org.eclipse.ltk.ui.refactoring",1325532420372
stopped,bundle,org.eclipse.mylyn.bugzilla.ui,3.6.0.v20110608-1400,"org.eclipse.mylyn.bugzilla.ui",1325532420372
stopped,bundle,org.eclipse.mylyn.ide.ui,3.6.0.v20110608-1400,"org.eclipse.mylyn.ide.ui",1325532420372
stopped,bundle,org.eclipse.mylyn.resources.ui,3.6.0.v20110608-1400,"org.eclipse.mylyn.resources.ui",1325532420372
stopped,bundle,org.eclipse.mylyn.wikitext.tasks.ui,1.5.0.v20110608-1400,"org.eclipse.mylyn.wikitext.tasks.ui",1325532420372
stopped,bundle,org.eclipse.mylyn.context.ui,3.6.0.v20110608-1400,"org.eclipse.mylyn.context.ui",1325532420372
stopped,bundle,org.eclipse.mylyn.help.ui,3.6.1.v20110830-0100,"org.eclipse.mylyn.help.ui",1325532420372
stopped,bundle,org.eclipse.mylyn.tasks.bugs,3.6.1.v20110825-0100,"org.eclipse.mylyn.tasks.bugs",1325532420372
stopped,bundle,org.eclipse.mylyn.tasks.ui,3.6.2.v20110826-0100,"org.eclipse.mylyn.tasks.ui",1325532420372
stopped,bundle,org.eclipse.team.cvs.ui,3.3.400.I20110510-0800,"org.eclipse.team.cvs.ui",1325532420372
stopped,bundle,org.eclipse.team.ui,3.6.100.I20110525-0800,"org.eclipse.team.ui",1325532420372
stopped,bundle,org.eclipse.compare,3.5.201.R37x_v20110817-0800,"org.eclipse.compare",1325532420372
stopped,bundle,org.eclipse.cdt.debug.ui.memory.transport,2.1.0.201109151620,"org.eclipse.cdt.debug.ui.memory.transport",1325532420372
stopped,bundle,org.eclipse.ui.externaltools,3.2.0.v20110506,"org.eclipse.ui.externaltools",1325532420372
stopped,bundle,org.eclipse.debug.ui,3.7.101.v20110817_r371,"org.eclipse.debug.ui",1325532420372
stopped,bundle,org.eclipse.mylyn.wikitext.ui,1.5.0.v20110608-1400,"org.eclipse.mylyn.wikitext.ui",1325532420372
stopped,bundle,org.eclipse.rse.subsystems.files.dstore,2.1.201.R33x_v201109141647,"org.eclipse.rse.subsystems.files.dstore",1325532420372
stopped,bundle,org.eclipse.rse.subsystems.processes.dstore,2.1.300.v201101042155,"org.eclipse.rse.subsystems.processes.dstore",1325532420372
stopped,bundle,org.eclipse.rse.subsystems.shells.dstore,2.1.300.v201101042155,"org.eclipse.rse.subsystems.shells.dstore",1325532420372
stopped,bundle,org.eclipse.rse.connectorservice.dstore,3.1.200.v201103141607,"org.eclipse.rse.connectorservice.dstore",1325532420372
stopped,bundle,org.eclipse.rse.subsystems.files.local,2.1.200.v201101042155,"org.eclipse.rse.subsystems.files.local",1325532420372
stopped,bundle,org.eclipse.rse.subsystems.processes.local,2.1.300.v201101042155,"org.eclipse.rse.subsystems.processes.local",1325532420372
stopped,bundle,org.eclipse.rse.subsystems.shells.local,2.1.300.v201101042155,"org.eclipse.rse.subsystems.shells.local",1325532420372
stopped,bundle,org.eclipse.rse.connectorservice.local,2.1.300.v201101042155,"org.eclipse.rse.connectorservice.local",1325532420372
stopped,bundle,org.eclipse.rse.subsystems.files.ssh,2.1.200.v201101042155,"org.eclipse.rse.subsystems.files.ssh",1325532420372
stopped,bundle,org.eclipse.rse.subsystems.shells.ssh,2.1.300.v201101042155,"org.eclipse.rse.subsystems.shells.ssh",1325532420372
stopped,bundle,org.eclipse.rse.subsystems.terminals.ssh,1.0.100.v201101042155,"org.eclipse.rse.subsystems.terminals.ssh",1325532420372
stopped,bundle,org.eclipse.rse.connectorservice.ssh,2.1.200.v201101042155,"org.eclipse.rse.connectorservice.ssh",1325532420372
stopped,bundle,org.eclipse.rse.connectorservice.telnet,1.2.200.v201101042155,"org.eclipse.rse.connectorservice.telnet",1325532420372
stopped,bundle,org.eclipse.rse.dstore.security,3.0.300.v201103141607,"org.eclipse.rse.dstore.security",1325532420372
stopped,bundle,org.eclipse.rse.efs,2.1.300.v201101042155,"org.eclipse.rse.efs",1325532420372
stopped,bundle,org.eclipse.rse.subsystems.files.ftp,2.1.301.R33x_v201107212114,"org.eclipse.rse.subsystems.files.ftp",1325532420372
stopped,bundle,org.eclipse.rse.subsystems.shells.core,3.1.201.R33x_v201106281309,"org.eclipse.rse.subsystems.shells.core",1325532420372
stopped,bundle,org.eclipse.rse.subsystems.files.core,3.2.101.R33x_v201107181530,"org.eclipse.rse.subsystems.files.core",1325532420372
stopped,bundle,org.eclipse.rse.subsystems.processes.shell.linux,1.1.300.v201101042155,"org.eclipse.rse.subsystems.processes.shell.linux",1325532420372
stopped,bundle,org.eclipse.rse.subsystems.processes.core,3.1.200.v201101042155,"org.eclipse.rse.subsystems.processes.core",1325532420372
stopped,bundle,org.eclipse.rse.terminals.ui,1.1.0.v201101042155,"org.eclipse.rse.terminals.ui",1325532420372
stopped,bundle,org.eclipse.rse.ui,3.2.1.R33x_v201109141647,"org.eclipse.rse.ui",1325532420372
stopped,bundle,org.eclipse.ui.console,3.5.100.v20110511,"org.eclipse.ui.console",1325532420372
activated,perspective,org.eclipse.cdt.ui,,"org.eclipse.cdt.ui.CPerspective",1325623193325
started,bundle,org.eclipse.osgi,3.7.1.R37x_v20110808-1106,"org.eclipse.osgi",1325623193325
started,bundle,org.eclipse.equinox.simpleconfigurator,1.0.200.v20110502-1955,"org.eclipse.equinox.simpleconfigurator",1325623193325
started,bundle,com.ibm.icu,4.4.2.v20110208,"com.ibm.icu",1325623193325
started,bundle,org.eclipse.cdt.codan.checkers,1.0.0.201109151620,"org.eclipse.cdt.codan.checkers",1325623193325
started,bundle,org.eclipse.cdt.codan.core,2.0.0.201109151620,"org.eclipse.cdt.codan.core",1325623193325
started,bundle,org.eclipse.cdt.codan.core.cxx,1.0.0.201109151620,"org.eclipse.cdt.codan.core.cxx",1325623193325
started,bundle,org.eclipse.cdt.codan.ui.cxx,2.0.0.201109151620,"org.eclipse.cdt.codan.ui.cxx",1325623193335
started,bundle,org.eclipse.cdt.core,5.3.1.201109151620,"org.eclipse.cdt.core",1325623193335
started,bundle,org.eclipse.cdt.make.core,7.1.1.201109151620,"org.eclipse.cdt.make.core",1325623193335
started,bundle,org.eclipse.cdt.make.ui,7.1.1.201109151620,"org.eclipse.cdt.make.ui",1325623193335
started,bundle,org.eclipse.cdt.managedbuilder.core,8.0.1.201109151620,"org.eclipse.cdt.managedbuilder.core",1325623193335
started,bundle,org.eclipse.cdt.msw.build,1.0.0.201109151620,"org.eclipse.cdt.msw.build",1325623193335
started,bundle,org.eclipse.cdt.ui,5.3.1.201109151620,"org.eclipse.cdt.ui",1325623193335
started,bundle,org.eclipse.compare.core,3.5.200.I20110208-0800,"org.eclipse.compare.core",1325623193335
started,bundle,org.eclipse.core.contenttype,3.4.100.v20110423-0524,"org.eclipse.core.contenttype",1325623193335
started,bundle,org.eclipse.core.databinding.observable,1.4.0.I20110222-0800,"org.eclipse.core.databinding.observable",1325623193335
started,bundle,org.eclipse.core.expressions,3.4.300.v20110228,"org.eclipse.core.expressions",1325623193335
started,bundle,org.eclipse.core.filebuffers,3.5.200.v20110505-0800,"org.eclipse.core.filebuffers",1325623193335
started,bundle,org.eclipse.core.filesystem,1.3.100.v20110423-0524,"org.eclipse.core.filesystem",1325623193335
started,bundle,org.eclipse.core.jobs,3.5.100.v20110404,"org.eclipse.core.jobs",1325623193335
started,bundle,org.eclipse.core.net,1.2.100.I20110511-0800,"org.eclipse.core.net",1325623193335
started,bundle,org.eclipse.core.resources,3.7.100.v20110510-0712,"org.eclipse.core.resources",1325623193335
started,bundle,org.eclipse.core.runtime,3.7.0.v20110110,"org.eclipse.core.runtime",1325623193335
started,bundle,org.eclipse.core.runtime.compatibility,3.2.100.v20100505,"org.eclipse.core.runtime.compatibility",1325623193335
